{
  "IcoMoonType": "selection",
  "icons": [
    {
      "icon": {
        "paths": [
          "M632.571 501.143l-424 424c-14.286 14.286-37.143 14.286-51.429 0l-94.857-94.857c-14.286-14.286-14.286-37.143 0-51.429l303.429-303.429-303.429-303.429c-14.286-14.286-14.286-37.143 0-51.429l94.857-94.857c14.286-14.286 37.143-14.286 51.429 0l424 424c14.286 14.286 14.286 37.143 0 51.429z"
        ],
        "attrs": [
          {}
        ],
        "width": 695,
        "isMulticolor": false,
        "isMulticolor2": false,
        "tags": [
          "chevron-right"
        ],
        "grid": 14
      },
      "attrs": [
        {}
      ],
      "properties": {
        "order": 1,
        "id": 1,
        "prevSize": 28,
        "name": "chevron-right"
      },
      "setIdx": 0,
      "setId": 1,
      "iconIdx": 0
    },
    {
      "icon": {
        "paths": [
          "M1024 405.714v453.714c0 50.286-41.143 91.429-91.429 91.429h-841.143c-50.286 0-91.429-41.143-91.429-91.429v-453.714c17.143 18.857 36.571 35.429 57.714 49.714 94.857 64.571 190.857 129.143 284 197.143 48 35.429 107.429 78.857 169.714 78.857h1.143c62.286 0 121.714-43.429 169.714-78.857 93.143-67.429 189.143-132.571 284.571-197.143 20.571-14.286 40-30.857 57.143-49.714zM1024 237.714c0 64-47.429 121.714-97.714 156.571-89.143 61.714-178.857 123.429-267.429 185.714-37.143 25.714-100 78.286-146.286 78.286h-1.143c-46.286 0-109.143-52.571-146.286-78.286-88.571-62.286-178.286-124-266.857-185.714-40.571-27.429-98.286-92-98.286-144 0-56 30.286-104 91.429-104h841.143c49.714 0 91.429 41.143 91.429 91.429z"
        ],
        "attrs": [
          {}
        ],
        "isMulticolor": false,
        "isMulticolor2": false,
        "tags": [
          "envelope"
        ],
        "grid": 14
      },
      "attrs": [
        {}
      ],
      "properties": {
        "order": 1,
        "id": 0,
        "name": "envelope",
        "prevSize": 28
      },
      "setIdx": 0,
      "setId": 1,
      "iconIdx": 1
    },
    {
      "icon": {
        "paths": [
          "M704 640c-64 64-64 128-128 128s-128-64-192-128-128-128-128-192 64-64 128-128-128-256-192-256-192 192-192 192c0 128 131.5 387.5 256 512s384 256 512 256c0 0 192-128 192-192s-192-256-256-192z"
        ],
        "attrs": [
          {}
        ],
        "isMulticolor": false,
        "isMulticolor2": false,
        "tags": [
          "phone",
          "telephone",
          "contact",
          "support",
          "call"
        ],
        "grid": 16
      },
      "attrs": [
        {}
      ],
      "properties": {
        "order": 1,
        "id": 0,
        "name": "phone, telephone, contact, support, call",
        "prevSize": 32
      },
      "setIdx": 1,
      "setId": 0,
      "iconIdx": 0
    }
  ],
  "height": 1024,
  "preferences": {
    "showGlyphs": true,
    "showCodes": true,
    "showQuickUse": true,
    "showQuickUse2": true,
    "showSVGs": true,
    "fontPref": {
      "prefix": "icon-",
      "metadata": {},
      "metrics": {
        "emSize": 1024,
        "baseline": 6.25,
        "whitespace": 50
      }
    },
    "imagePref": {
      "prefix": "icon-",
      "png": false,
      "useClassSelector": true,
      "color": 0,
      "bgColor": 16777215,
      "name": "icomoon",
      "classSelector": ".icon",
      "height": 32,
      "columns": 16,
      "margin": 16,
      "addTitleTags": true
    },
    "historySize": 50
  }
}